,country,iso2,iso3,iso_numeric,g_whoregion,year,e_pop_num,e_inc_100k,e_inc_100k_lo,e_inc_100k_hi,e_inc_num,e_inc_num_lo,e_inc_num_hi,e_tbhiv_prct,e_tbhiv_prct_lo,e_tbhiv_prct_hi,e_inc_tbhiv_100k,e_inc_tbhiv_100k_lo,e_inc_tbhiv_100k_hi,e_inc_tbhiv_num,e_inc_tbhiv_num_lo,e_inc_tbhiv_num_hi,e_mort_exc_tbhiv_100k,e_mort_exc_tbhiv_100k_lo,e_mort_exc_tbhiv_100k_hi,e_mort_exc_tbhiv_num,e_mort_exc_tbhiv_num_lo,e_mort_exc_tbhiv_num_hi,e_mort_tbhiv_100k,e_mort_tbhiv_100k_lo,e_mort_tbhiv_100k_hi,e_mort_tbhiv_num,e_mort_tbhiv_num_lo,e_mort_tbhiv_num_hi,e_mort_100k,e_mort_100k_lo,e_mort_100k_hi,e_mort_num,e_mort_num_lo,e_mort_num_hi,cfr,cfr_lo,cfr_hi,cfr_pct,cfr_pct_lo,cfr_pct_hi,c_newinc_100k,c_cdr,c_cdr_lo,c_cdr_hi
24,Afghanistan,AF,AFG,4,EMR,2024,42647488,203.0,116.0,400.0,87000.0,50000.0,171000.0,0.04,,,0.08,0.03,0.16,34.0,11.0,68.0,34.0,23.0,46.0,15000.0,10000.0,20000.0,0.03,0.01,0.06,13.0,5.0,25.0,34.0,23.0,46.0,15000.0,9900.0,20000.0,0.19,0.08,0.33,19.0,8.0,33.0,120.0,59.0,30.0,100.0
49,Albania,AL,ALB,8,EUR,2024,2791762,15.0,12.0,18.0,410.0,320.0,510.0,1.4,,,0.21,0.04,0.54,6.0,1.0,15.0,0.24,0.12,0.39,7.0,3.0,11.0,0.08,0.01,0.21,2.0,0.0,6.0,0.32,0.18,0.49,9.0,5.0,14.0,0.02,0.01,0.04,2.0,1.0,4.0,8.3,57.0,46.0,72.0
74,Algeria,DZ,DZA,12,AFR,2024,46814312,54.0,44.0,65.0,25000.0,20000.0,30000.0,0.83,,,0.45,0.25,0.71,210.0,120.0,330.0,7.0,4.8,9.7,3300.0,2200.0,4600.0,0.12,0.06,0.19,56.0,29.0,91.0,7.1,4.9,9.8,3300.0,2300.0,4600.0,0.13,0.09,0.19,13.0,9.0,19.0,40.0,74.0,62.0,92.0
99,American Samoa,AS,ASM,16,WPR,2024,46769,3.7,3.0,4.5,2.0,1.0,2.0,,,,,,,,,,,,,,,,,,,,,,0.11,0.01,0.33,0.0,0.0,0.0,,,,,,,,,,
124,Andorra,AD,AND,20,EUR,2024,81941,4.9,4.0,5.9,4.0,3.0,5.0,,,,,,,,,,,,,,,,,,,,,,0.47,0.29,0.7,0.0,0.0,1.0,,,,,,,4.9,100.0,83.0,120.0
149,Angola,AO,AGO,24,AFR,2024,37885846,373.0,243.0,545.0,141000.0,92000.0,207000.0,6.5,,,24.0,15.0,37.0,9200.0,5500.0,14000.0,67.0,40.0,100.0,25000.0,15000.0,38000.0,8.8,5.3,13.0,3300.0,2000.0,5000.0,75.0,48.0,111.0,29000.0,18000.0,42000.0,0.21,0.11,0.34,21.0,11.0,34.0,227.0,61.0,42.0,93.0
174,Anguilla,AI,AIA,660,AMR,2024,14594,0.0,0.0,0.0,0.0,0.0,0.0,,,,,,,,,,,,,,,,,,,,,,0.0,0.0,0.0,0.0,0.0,0.0,,,,,,,0.0,,,
199,Antigua and Barbuda,AG,ATG,28,AMR,2024,93772,1.1,0.87,1.3,1.0,1.0,1.0,,,,,,,,,,,,,,,,,,,,,,1.2,1.1,1.3,1.0,1.0,1.0,,,,,,,1.1,100.0,83.0,120.0
224,Argentina,AR,ARG,32,AMR,2024,45696155,44.0,36.0,53.0,20000.0,16000.0,24000.0,6.1,,,2.7,1.5,4.3,1200.0,690.0,2000.0,1.2,1.0,1.3,530.0,470.0,590.0,0.65,0.34,1.1,300.0,160.0,480.0,1.8,1.4,2.2,830.0,660.0,1000.0,0.04,0.03,0.05,4.0,3.0,5.0,35.0,78.0,65.0,96.0
249,Armenia,AM,ARM,51,EUR,2024,2973835,19.0,15.0,22.0,550.0,450.0,670.0,7.6,,,1.4,0.88,2.1,42.0,26.0,61.0,0.93,0.74,1.1,28.0,22.0,34.0,0.43,0.26,0.64,13.0,8.0,19.0,1.4,1.1,1.7,40.0,33.0,49.0,0.07,0.05,0.1,7.0,5.0,10.0,13.0,69.0,57.0,85.0
274,Aruba,AW,ABW,533,AMR,2024,108064,8.3,6.8,10.0,9.0,7.0,11.0,,,,,,,,,,,,,,,,,,,,,,0.25,0.05,0.62,0.0,0.0,1.0,,,,,,,8.3,100.0,83.0,120.0
299,Australia,AU,AUS,36,WPR,2024,26713208,6.9,5.6,8.3,1900.0,1500.0,2200.0,1.2,,,0.08,0.05,0.13,22.0,12.0,35.0,0.13,0.13,0.14,36.0,36.0,36.0,0.01,0.01,0.02,4.0,2.0,7.0,0.15,0.14,0.16,40.0,38.0,42.0,0.02,0.02,0.03,2.0,2.0,3.0,6.0,87.0,72.0,110.0
324,Austria,AT,AUT,40,EUR,2024,9120817,4.9,4.0,5.9,450.0,370.0,540.0,2.2,,,0.11,0.06,0.17,10.0,5.0,16.0,0.41,0.4,0.42,37.0,36.0,38.0,0.02,0.01,0.03,2.0,1.0,3.0,0.43,0.41,0.45,39.0,37.0,41.0,0.09,0.07,0.11,9.0,7.0,11.0,4.2,85.0,71.0,100.0
349,Azerbaijan,AZ,AZE,31,EUR,2024,10336574,64.0,50.0,80.0,6600.0,5200.0,8300.0,1.1,,,0.74,0.48,1.1,76.0,50.0,110.0,5.3,4.7,5.8,540.0,490.0,600.0,0.29,0.18,0.42,30.0,19.0,44.0,5.6,5.0,6.2,570.0,510.0,640.0,0.09,0.07,0.11,9.0,7.0,11.0,36.0,56.0,45.0,72.0
374,Bahamas,BS,BHS,44,AMR,2024,401287,18.0,15.0,22.0,73.0,59.0,88.0,21.0,,,3.9,2.0,6.4,16.0,8.0,26.0,0.58,0.56,0.6,2.0,2.0,2.0,0.98,0.48,1.7,4.0,2.0,7.0,1.6,1.0,2.2,6.0,4.0,9.0,0.09,0.05,0.13,9.0,5.0,13.0,14.0,77.0,64.0,94.0
399,Bahrain,BH,BHR,48,EMR,2024,1607051,12.0,9.8,15.0,190.0,160.0,230.0,0.0,,,0.0,0.0,0.0,0.0,0.0,0.0,0.93,0.57,1.4,15.0,9.0,22.0,0.0,0.0,0.0,0.0,0.0,0.0,0.93,0.57,1.4,15.0,9.0,22.0,0.08,0.04,0.12,8.0,4.0,12.0,9.1,75.0,63.0,93.0
424,Bangladesh,BD,BGD,50,SEA,2024,173562368,221.0,161.0,291.0,384000.0,279000.0,505000.0,0.2,,,0.43,0.22,0.71,750.0,380.0,1200.0,25.0,15.0,37.0,44000.0,27000.0,65000.0,0.09,0.05,0.16,160.0,79.0,270.0,25.0,16.0,38.0,44000.0,28000.0,66000.0,0.12,0.06,0.18,12.0,6.0,18.0,181.0,82.0,62.0,110.0
449,Barbados,BB,BRB,52,AMR,2024,282468,1.0,0.82,1.2,3.0,2.0,3.0,,,,,,,,,,,,,,,,,,,,,,0.88,0.79,0.98,2.0,2.0,3.0,,,,,,,,,,
474,Belarus,BY,BLR,112,EUR,2024,9056702,17.0,14.0,20.0,1500.0,1200.0,1800.0,6.7,,,1.1,0.82,1.5,100.0,74.0,130.0,2.1,2.0,2.2,190.0,180.0,200.0,0.24,0.16,0.34,22.0,15.0,31.0,2.3,2.2,2.4,210.0,200.0,220.0,0.14,0.11,0.17,14.0,11.0,17.0,14.0,82.0,68.0,100.0
499,Belgium,BE,BEL,56,EUR,2024,11738764,2.7,2.2,3.3,320.0,260.0,390.0,3.7,,,0.1,0.04,0.2,12.0,4.0,23.0,0.29,0.27,0.3,34.0,32.0,35.0,0.02,0.01,0.04,2.0,1.0,4.0,0.3,0.28,0.32,36.0,33.0,38.0,0.11,0.09,0.14,11.0,9.0,14.0,3.9,140.0,120.0,180.0
524,Belize,BZ,BLZ,84,AMR,2024,417069,34.0,27.0,41.0,140.0,110.0,170.0,22.0,,,7.4,4.1,12.0,31.0,17.0,48.0,0.48,0.0,2.6,2.0,0.0,11.0,3.1,1.7,5.0,13.0,7.0,21.0,3.6,2.6,4.8,15.0,11.0,20.0,0.11,0.07,0.15,11.0,7.0,15.0,18.0,52.0,42.0,65.0
549,Benin,BJ,BEN,204,AFR,2024,14462723,40.0,24.0,76.0,5800.0,3500.0,11000.0,12.0,,,4.6,1.2,10.0,670.0,180.0,1500.0,5.3,1.6,11.0,760.0,240.0,1600.0,1.4,0.47,2.8,200.0,68.0,400.0,6.6,2.7,12.0,960.0,390.0,1800.0,0.21,0.05,0.44,21.0,5.0,44.0,28.0,70.0,37.0,110.0
574,Bermuda,BM,BMU,60,AMR,2024,64634,3.1,2.5,3.7,2.0,2.0,2.0,,,,,,,,,,,,,,,,,,,,,,0.09,0.0,0.33,0.0,0.0,0.0,,,,,,,3.1,100.0,83.0,120.0
599,Bhutan,BT,BTN,64,SEA,2024,791519,191.0,156.0,231.0,1500.0,1200.0,1800.0,0.33,,,0.63,0.08,1.8,5.0,1.0,14.0,37.0,25.0,50.0,290.0,200.0,390.0,0.23,0.03,0.65,2.0,0.0,5.0,37.0,25.0,50.0,290.0,200.0,400.0,0.19,0.13,0.27,19.0,13.0,27.0,114.0,60.0,49.0,73.0
624,Bolivia (Plurinational State of),BO,BOL,68,AMR,2024,12413309,114.0,93.0,137.0,14000.0,11000.0,17000.0,5.3,,,6.1,4.5,7.9,750.0,560.0,980.0,10.0,7.0,14.0,1300.0,870.0,1700.0,2.0,1.4,2.7,250.0,170.0,330.0,12.0,8.9,16.0,1500.0,1100.0,2000.0,0.11,0.07,0.15,11.0,7.0,15.0,75.0,66.0,55.0,81.0
649,Bosnia and Herzegovina,BA,BIH,70,EUR,2024,3164245,21.0,17.0,25.0,650.0,530.0,780.0,0.2,,,0.04,0.02,0.07,1.0,1.0,2.0,0.0,0.0,0.0,0.0,0.0,0.0,0.01,0.01,0.02,0.0,0.0,1.0,0.01,0.01,0.02,0.0,0.0,1.0,0.0,0.0,0.0,0.0,0.0,0.0,14.0,70.0,58.0,86.0
674,Botswana,BW,BWA,72,AFR,2024,2521126,143.0,86.0,280.0,3600.0,2200.0,7000.0,44.0,,,62.0,43.0,85.0,1600.0,1100.0,2100.0,13.0,8.3,19.0,330.0,210.0,480.0,20.0,13.0,28.0,500.0,340.0,700.0,33.0,25.0,43.0,830.0,620.0,1100.0,0.24,0.15,0.33,24.0,15.0,33.0,95.0,67.0,34.0,110.0
699,Brazil,BR,BRA,76,AMR,2024,211998579,49.0,40.0,61.0,104000.0,84000.0,129000.0,13.0,,,6.1,4.4,7.8,13000.0,9200.0,17000.0,3.3,2.8,3.9,7100.0,6000.0,8200.0,0.88,0.57,1.3,1900.0,1200.0,2800.0,4.2,3.6,4.9,9000.0,7600.0,10000.0,0.09,0.07,0.11,9.0,7.0,11.0,44.0,89.0,72.0,110.0
724,British Virgin Islands,VG,VGB,92,AMR,2024,39469,0.0,0.0,0.0,0.0,0.0,0.0,,,,,,,,,,,,,,,,,,,,,,0.0,0.0,0.0,0.0,0.0,0.0,,,,,,,0.0,,,
749,Brunei Darussalam,BN,BRN,96,WPR,2024,462726,65.0,53.0,78.0,300.0,240.0,360.0,3.4,,,2.2,0.83,4.2,10.0,4.0,20.0,5.4,4.6,6.3,25.0,21.0,29.0,0.22,0.12,0.33,1.0,1.0,2.0,5.7,4.8,6.6,26.0,22.0,31.0,0.09,0.07,0.11,9.0,7.0,11.0,51.0,79.0,65.0,97.0
774,Bulgaria,BG,BGR,100,EUR,2024,6757686,12.0,10.0,15.0,830.0,680.0,1000.0,0.47,,,0.06,0.01,0.14,4.0,1.0,10.0,1.4,1.4,1.4,94.0,92.0,96.0,0.02,0.0,0.04,1.0,0.0,3.0,1.4,1.4,1.4,95.0,93.0,98.0,0.12,0.09,0.14,12.0,9.0,14.0,13.0,110.0,87.0,130.0
799,Burkina Faso,BF,BFA,854,AFR,2024,23548779,57.0,35.0,109.0,13000.0,8200.0,26000.0,5.3,,,3.0,1.3,5.4,720.0,310.0,1300.0,8.1,3.7,14.0,1900.0,880.0,3300.0,0.9,0.44,1.5,210.0,100.0,360.0,9.0,4.5,15.0,2100.0,1100.0,3500.0,0.18,0.06,0.33,18.0,6.0,33.0,40.0,70.0,36.0,110.0
824,Burundi,BI,BDI,108,AFR,2024,14047782,83.0,51.0,160.0,12000.0,7100.0,22000.0,6.5,,,5.4,3.0,8.4,750.0,420.0,1200.0,12.0,6.6,19.0,1700.0,930.0,2600.0,1.6,0.94,2.5,230.0,130.0,350.0,13.0,8.1,20.0,1900.0,1100.0,2800.0,0.17,0.08,0.29,17.0,8.0,29.0,58.0,69.0,36.0,110.0
849,Cabo Verde,CV,CPV,132,AFR,2024,524877,47.0,38.0,57.0,250.0,200.0,300.0,8.0,,,3.7,1.9,6.2,20.0,10.0,32.0,4.6,2.9,6.6,24.0,15.0,35.0,1.1,0.53,1.8,6.0,3.0,10.0,5.7,3.9,7.8,30.0,20.0,41.0,0.12,0.08,0.17,12.0,8.0,17.0,34.0,71.0,59.0,88.0
874,Cambodia,KH,KHM,116,WPR,2024,17638793,272.0,205.0,365.0,48000.0,36000.0,64000.0,1.3,,,3.4,2.3,4.7,600.0,410.0,830.0,17.0,8.7,29.0,3000.0,1500.0,5100.0,1.0,0.67,1.4,180.0,120.0,250.0,18.0,9.9,30.0,3200.0,1700.0,5400.0,0.07,0.03,0.12,7.0,3.0,12.0,192.0,70.0,53.0,93.0
899,Cameroon,CM,CMR,120,AFR,2024,29123749,132.0,80.0,257.0,38000.0,23000.0,75000.0,15.0,,,20.0,14.0,28.0,5900.0,4000.0,8200.0,17.0,11.0,25.0,5000.0,3200.0,7200.0,6.2,4.1,8.7,1800.0,1200.0,2500.0,23.0,17.0,31.0,6800.0,4900.0,9100.0,0.18,0.11,0.26,18.0,11.0,26.0,91.0,69.0,36.0,110.0
924,Canada,CA,CAN,124,AMR,2024,39742434,6.2,5.0,7.5,2500.0,2000.0,3000.0,2.8,,,0.18,0.12,0.24,70.0,49.0,95.0,0.21,0.2,0.22,82.0,79.0,86.0,0.03,0.02,0.04,11.0,6.0,16.0,0.23,0.22,0.25,93.0,87.0,99.0,0.04,0.03,0.05,4.0,3.0,5.0,6.3,100.0,85.0,130.0
949,Cayman Islands,KY,CYM,136,AMR,2024,74462,4.9,4.0,5.9,4.0,3.0,4.0,,,,,,,,,,,,,,,,,,,,,,0.15,0.01,0.48,0.0,0.0,0.0,,,,,,,,,,
974,Central African Republic,CF,CAF,140,AFR,2024,5330691,419.0,260.0,789.0,22000.0,14000.0,42000.0,23.0,,,95.0,43.0,167.0,5100.0,2300.0,8900.0,47.0,22.0,82.0,2500.0,1200.0,4400.0,28.0,14.0,46.0,1500.0,730.0,2500.0,75.0,45.0,113.0,4000.0,2400.0,6000.0,0.2,0.08,0.35,20.0,8.0,35.0,297.0,71.0,38.0,110.0
999,Chad,TD,TCD,148,AFR,2024,20299127,118.0,73.0,222.0,24000.0,15000.0,45000.0,9.7,,,11.0,7.5,16.0,2300.0,1500.0,3300.0,15.0,9.6,22.0,3100.0,2000.0,4500.0,3.3,2.1,4.7,660.0,430.0,950.0,19.0,13.0,26.0,3800.0,2600.0,5200.0,0.16,0.09,0.24,16.0,9.0,24.0,84.0,71.0,38.0,120.0
1024,Chile,CL,CHL,152,AMR,2024,19764765,19.0,16.0,23.0,3800.0,3100.0,4500.0,9.4,,,1.8,1.3,2.3,360.0,260.0,460.0,2.1,2.0,2.3,420.0,390.0,450.0,0.39,0.26,0.54,77.0,52.0,110.0,2.5,2.3,2.7,500.0,460.0,540.0,0.13,0.11,0.16,13.0,11.0,16.0,16.0,82.0,68.0,100.0
1049,China,CN,CHN,156,WPR,2024,1419321279,49.0,40.0,59.0,696000.0,567000.0,839000.0,1.8,,,0.89,0.66,1.2,13000.0,9300.0,16000.0,1.7,1.6,1.9,25000.0,22000.0,27000.0,0.23,0.16,0.31,3200.0,2200.0,4400.0,2.0,1.7,2.2,28000.0,24000.0,32000.0,0.04,0.03,0.05,4.0,3.0,5.0,37.0,76.0,63.0,94.0
1074,"China, Hong Kong SAR",HK,HKG,344,WPR,2024,7414911,66.0,54.0,80.0,4900.0,4000.0,5900.0,0.61,,,0.41,0.22,0.64,30.0,17.0,48.0,1.6,1.6,1.6,120.0,120.0,120.0,0.13,0.07,0.22,10.0,5.0,16.0,1.7,1.7,1.8,130.0,120.0,140.0,0.03,0.02,0.03,3.0,2.0,3.0,43.0,65.0,54.0,80.0
1099,"China, Macao SAR",MO,MAC,446,WPR,2024,720264,59.0,48.0,71.0,420.0,350.0,510.0,1.1,,,0.64,0.08,1.8,5.0,1.0,13.0,9.9,6.8,14.0,71.0,49.0,98.0,0.21,0.03,0.59,2.0,0.0,4.0,10.0,7.0,14.0,73.0,51.0,99.0,0.17,0.11,0.24,17.0,11.0,24.0,38.0,65.0,54.0,80.0
1124,Colombia,CO,COL,170,AMR,2024,52886359,49.0,40.0,59.0,26000.0,21000.0,31000.0,11.0,,,5.3,3.9,6.8,2800.0,2100.0,3600.0,4.4,3.1,5.9,2300.0,1700.0,3100.0,1.2,0.78,1.6,610.0,410.0,840.0,5.6,4.2,7.1,2900.0,2200.0,3700.0,0.12,0.08,0.15,12.0,8.0,15.0,40.0,81.0,67.0,100.0
1149,Comoros,KM,COM,174,AFR,2024,866636,22.0,13.0,42.0,190.0,110.0,360.0,0.0,,,0.0,0.0,0.0,0.0,0.0,0.0,3.4,0.24,11.0,29.0,2.0,92.0,0.0,0.0,0.0,0.0,0.0,0.0,3.4,0.24,11.0,29.0,2.0,92.0,0.29,0.02,0.72,29.0,2.0,72.0,15.0,68.0,35.0,110.0
1174,Congo,CG,COG,178,AFR,2024,6332966,302.0,185.0,582.0,19000.0,12000.0,37000.0,15.0,,,44.0,34.0,55.0,2800.0,2200.0,3500.0,39.0,27.0,52.0,2500.0,1700.0,3300.0,13.0,9.5,17.0,830.0,600.0,1100.0,52.0,40.0,66.0,3300.0,2500.0,4200.0,0.17,0.13,0.22,17.0,13.0,22.0,211.0,70.0,36.0,110.0
1199,Cook Islands,CK,COK,184,WPR,2024,13724,7.3,5.9,8.8,1.0,1.0,1.0,,,,,,,,,,,,,,,,,,,,,,0.22,0.0,0.83,0.0,0.0,0.0,,,,,,,7.3,100.0,83.0,120.0
1224,Costa Rica,CR,CRI,188,AMR,2024,5129913,9.3,7.5,11.0,480.0,380.0,590.0,11.0,,,1.0,0.71,1.4,53.0,36.0,73.0,0.79,0.7,0.87,40.0,36.0,45.0,0.13,0.07,0.21,7.0,3.0,11.0,0.91,0.82,1.0,47.0,42.0,51.0,0.1,0.08,0.12,10.0,8.0,12.0,8.9,95.0,77.0,120.0
1249,Côte d'Ivoire,CI,CIV,384,AFR,2024,31934226,99.0,60.0,192.0,32000.0,19000.0,61000.0,12.0,,,12.0,7.5,18.0,3900.0,2400.0,5800.0,13.0,7.9,20.0,4200.0,2500.0,6400.0,3.7,2.3,5.4,1200.0,730.0,1700.0,17.0,11.0,24.0,5400.0,3600.0,7600.0,0.18,0.1,0.28,18.0,10.0,28.0,69.0,69.0,36.0,110.0
1274,Croatia,HR,HRV,191,EUR,2024,3875319,6.6,5.4,8.0,260.0,210.0,310.0,0.95,,,0.06,0.03,0.1,2.0,1.0,4.0,0.88,0.88,0.88,34.0,34.0,34.0,0.01,0.01,0.02,1.0,0.0,1.0,0.89,0.88,0.9,35.0,34.0,35.0,0.14,0.11,0.16,14.0,11.0,16.0,7.0,110.0,88.0,130.0
1299,Cuba,CU,CUB,192,AMR,2024,10979793,11.0,9.3,14.0,1300.0,1000.0,1500.0,11.0,,,1.2,0.89,1.6,130.0,98.0,170.0,0.66,0.55,0.77,72.0,61.0,85.0,0.24,0.16,0.33,26.0,17.0,37.0,0.9,0.76,1.0,98.0,84.0,110.0,0.08,0.06,0.1,8.0,6.0,10.0,9.6,84.0,70.0,100.0
1314,Curaçao,CW,CUW,531,AMR,2024,185473,2.8,2.3,3.3,5.0,4.0,6.0,,,,,,,,,,,,,,,,,,,,,,0.12,0.02,0.28,0.0,0.0,1.0,,,,,,,,,,
1339,Cyprus,CY,CYP,196,EUR,2024,1358283,5.5,4.5,6.7,75.0,61.0,91.0,4.6,,,0.26,0.13,0.42,3.0,2.0,6.0,0.39,0.36,0.42,5.0,5.0,6.0,0.06,0.03,0.1,1.0,0.0,1.0,0.45,0.4,0.49,6.0,5.0,7.0,0.08,0.07,0.1,8.0,7.0,10.0,4.5,81.0,67.0,100.0
1364,Czechia,CZ,CZE,203,EUR,2024,10735865,4.9,4.0,6.0,530.0,430.0,640.0,3.5,,,0.17,0.09,0.28,18.0,9.0,30.0,0.34,0.3,0.39,37.0,32.0,42.0,0.03,0.02,0.06,4.0,2.0,6.0,0.38,0.33,0.43,40.0,35.0,46.0,0.08,0.06,0.1,8.0,6.0,10.0,4.2,84.0,70.0,100.0
1389,Democratic People's Republic of Korea,KP,PRK,408,SEA,2024,26498828,,,,,,,,,,,,,,,,,,,,,,,,,,,,,,,,,,,,,,,,269.0,,,
1414,Democratic Republic of the Congo,CD,COD,180,AFR,2024,109276257,377.0,231.0,724.0,412000.0,252000.0,792000.0,5.6,,,21.0,9.1,38.0,23000.0,10000.0,41000.0,54.0,25.0,94.0,59000.0,27000.0,103000.0,6.3,3.0,11.0,6900.0,3300.0,12000.0,60.0,30.0,100.0,66000.0,33000.0,110000.0,0.18,0.06,0.34,18.0,6.0,34.0,262.0,70.0,36.0,110.0
1439,Denmark,DK,DNK,208,EUR,2024,5977402,3.2,2.6,3.9,190.0,160.0,230.0,2.7,,,0.09,0.02,0.19,5.0,1.0,11.0,0.17,0.16,0.18,10.0,10.0,11.0,0.02,0.0,0.04,1.0,0.0,2.0,0.19,0.17,0.21,12.0,10.0,13.0,0.06,0.05,0.07,6.0,5.0,7.0,2.8,88.0,73.0,110.0
1464,Djibouti,DJ,DJI,262,EMR,2024,1168719,495.0,403.0,596.0,5800.0,4700.0,7000.0,3.4,,,17.0,12.0,22.0,200.0,140.0,260.0,127.0,88.0,174.0,1500.0,1000.0,2000.0,8.3,5.7,11.0,97.0,66.0,130.0,136.0,96.0,182.0,1600.0,1100.0,2100.0,0.28,0.18,0.38,28.0,18.0,38.0,203.0,41.0,34.0,50.0
1489,Dominica,DM,DMA,212,AMR,2024,66212,4.5,3.7,5.5,3.0,2.0,4.0,,,,,,,,,,,,,,,,,,,,,,2.8,2.6,3.0,2.0,2.0,2.0,,,,,,,4.5,100.0,83.0,120.0
1514,Dominican Republic,DO,DOM,214,AMR,2024,11427554,51.0,42.0,62.0,5800.0,4700.0,7000.0,23.0,,,12.0,8.6,15.0,1300.0,980.0,1700.0,1.3,0.77,1.9,150.0,88.0,220.0,2.9,2.0,3.9,330.0,220.0,450.0,4.1,3.1,5.3,470.0,350.0,610.0,0.08,0.06,0.11,8.0,6.0,11.0,39.0,77.0,64.0,95.0
1539,Ecuador,EC,ECU,218,AMR,2024,18135477,66.0,54.0,80.0,12000.0,9800.0,14000.0,17.0,,,11.0,8.2,14.0,2000.0,1500.0,2600.0,4.0,3.1,5.0,730.0,570.0,910.0,1.7,0.95,2.6,300.0,170.0,470.0,5.7,4.7,6.8,1000.0,850.0,1200.0,0.09,0.07,0.11,9.0,7.0,11.0,52.0,78.0,65.0,96.0
1564,Egypt,EG,EGY,818,EMR,2024,116538257,10.0,8.0,12.0,12000.0,9300.0,14000.0,1.8,,,0.18,0.13,0.24,210.0,150.0,270.0,0.43,0.39,0.48,500.0,450.0,550.0,0.03,0.02,0.04,32.0,19.0,48.0,0.46,0.41,0.5,530.0,480.0,590.0,0.05,0.04,0.06,5.0,4.0,6.0,9.1,91.0,74.0,110.0
1589,El Salvador,SV,SLV,222,AMR,2024,6338193,116.0,94.0,139.0,7300.0,6000.0,8800.0,3.4,,,4.0,3.0,5.2,250.0,190.0,330.0,1.2,1.1,1.3,77.0,71.0,84.0,0.93,0.64,1.3,59.0,40.0,81.0,2.2,1.8,2.5,140.0,120.0,160.0,0.02,0.01,0.02,2.0,1.0,2.0,91.0,79.0,66.0,97.0
1614,Equatorial Guinea,GQ,GNQ,226,AFR,2024,1892525,199.0,121.0,386.0,3800.0,2300.0,7300.0,53.0,,,105.0,45.0,190.0,2000.0,860.0,3600.0,15.0,6.2,26.0,270.0,120.0,500.0,32.0,15.0,55.0,610.0,290.0,1000.0,47.0,27.0,72.0,880.0,510.0,1400.0,0.26,0.1,0.47,26.0,10.0,47.0,137.0,69.0,35.0,110.0
1639,Eritrea,ER,ERI,232,AFR,2024,3535603,115.0,93.0,138.0,4100.0,3300.0,4900.0,2.4,,,2.7,1.8,3.8,96.0,64.0,130.0,29.0,20.0,39.0,1000.0,700.0,1400.0,1.3,0.83,1.9,46.0,29.0,67.0,30.0,21.0,41.0,1100.0,750.0,1400.0,0.27,0.17,0.37,27.0,17.0,37.0,49.0,43.0,36.0,53.0
1664,Estonia,EE,EST,233,EUR,2024,1360550,8.2,6.7,9.9,110.0,91.0,130.0,7.1,,,0.59,0.2,1.2,8.0,3.0,16.0,0.97,0.88,1.1,13.0,12.0,14.0,0.14,0.04,0.28,2.0,1.0,4.0,1.1,0.96,1.3,15.0,13.0,17.0,0.14,0.11,0.17,14.0,11.0,17.0,6.5,79.0,66.0,97.0
1689,Eswatini,SZ,SWZ,748,AFR,2024,1242822,319.0,166.0,492.0,4000.0,2100.0,6100.0,60.0,,,179.0,97.0,280.0,2200.0,1200.0,3500.0,28.0,6.2,64.0,340.0,77.0,800.0,51.0,26.0,81.0,630.0,320.0,1000.0,78.0,51.0,114.0,970.0,630.0,1400.0,0.26,0.12,0.44,26.0,12.0,44.0,195.0,61.0,40.0,120.0
1714,Ethiopia,ET,ETH,231,AFR,2024,132059780,141.0,74.0,229.0,186000.0,97000.0,302000.0,6.6,,,9.3,4.7,16.0,12000.0,6100.0,21000.0,14.0,7.2,23.0,19000.0,9500.0,31000.0,2.1,1.1,3.3,2800.0,1500.0,4400.0,16.0,9.1,25.0,21000.0,12000.0,33000.0,0.12,0.05,0.22,12.0,5.0,22.0,114.0,81.0,50.0,150.0
1739,Fiji,FJ,FJI,242,WPR,2024,928779,104.0,84.0,125.0,960.0,780.0,1200.0,28.0,,,29.0,22.0,38.0,270.0,200.0,350.0,4.4,4.3,4.5,41.0,40.0,42.0,11.0,7.7,15.0,100.0,72.0,140.0,15.0,12.0,19.0,140.0,110.0,180.0,0.15,0.11,0.2,15.0,11.0,20.0,61.0,59.0,49.0,72.0
1764,Finland,FI,FIN,246,EUR,2024,5617315,3.7,3.0,4.5,210.0,170.0,250.0,1.5,,,0.06,0.03,0.09,3.0,2.0,5.0,0.54,0.53,0.55,30.0,30.0,31.0,0.01,0.01,0.02,1.0,0.0,1.0,0.55,0.54,0.56,31.0,30.0,32.0,0.15,0.12,0.18,15.0,12.0,18.0,3.2,86.0,71.0,110.0
1789,France,FR,FRA,250,EUR,2024,66548536,7.8,7.4,8.1,5200.0,5000.0,5400.0,4.9,,,0.38,0.31,0.46,250.0,200.0,310.0,0.68,0.64,0.71,450.0,430.0,470.0,0.08,0.06,0.11,53.0,37.0,72.0,0.76,0.71,0.8,500.0,470.0,530.0,0.1,0.09,0.1,10.0,9.0,10.0,6.4,82.0,79.0,86.0
1814,French Polynesia,PF,PYF,258,WPR,2024,281799,24.0,19.0,28.0,67.0,54.0,80.0,0.0,,,0.0,0.0,0.0,0.0,0.0,0.0,4.0,2.8,5.5,11.0,8.0,16.0,0.0,0.0,0.0,0.0,0.0,0.0,4.0,2.7,5.6,11.0,8.0,16.0,0.17,0.11,0.25,17.0,11.0,25.0,,,,
1839,Gabon,GA,GAB,266,AFR,2024,2538949,371.0,226.0,720.0,9400.0,5700.0,18000.0,30.0,,,110.0,54.0,186.0,2800.0,1400.0,4700.0,41.0,26.0,59.0,1000.0,660.0,1500.0,34.0,16.0,59.0,860.0,400.0,1500.0,75.0,50.0,104.0,1900.0,1300.0,2600.0,0.2,0.13,0.28,20.0,13.0,28.0,254.0,68.0,35.0,110.0
1864,Gambia,GM,GMB,270,AFR,2024,2759984,138.0,99.0,184.0,3800.0,2700.0,5100.0,12.0,,,17.0,11.0,23.0,460.0,310.0,640.0,17.0,11.0,24.0,460.0,290.0,670.0,4.6,3.0,6.5,130.0,82.0,180.0,21.0,15.0,29.0,590.0,410.0,790.0,0.16,0.1,0.23,16.0,10.0,23.0,101.0,73.0,55.0,100.0
1889,Georgia,GE,GEO,268,EUR,2024,3807667,45.0,37.0,54.0,1700.0,1400.0,2100.0,2.9,,,1.3,0.83,1.9,49.0,32.0,71.0,1.5,0.87,2.3,58.0,33.0,89.0,0.39,0.24,0.57,15.0,9.0,22.0,1.9,1.2,2.7,73.0,47.0,100.0,0.04,0.03,0.06,4.0,3.0,6.0,31.0,70.0,58.0,86.0
1914,Germany,DE,DEU,276,EUR,2024,84552247,5.4,4.9,6.0,4600.0,4100.0,5100.0,2.6,,,0.14,0.08,0.22,120.0,65.0,190.0,0.34,0.34,0.35,290.0,280.0,300.0,0.02,0.01,0.04,18.0,8.0,32.0,0.36,0.35,0.38,310.0,290.0,320.0,0.07,0.06,0.07,7.0,6.0,7.0,5.0,92.0,84.0,100.0
1939,Ghana,GH,GHA,288,AFR,2024,34427413,126.0,55.0,225.0,43000.0,19000.0,77000.0,12.0,,,15.0,6.4,28.0,5200.0,2200.0,9600.0,27.0,11.0,49.0,9300.0,3900.0,17000.0,7.0,3.1,13.0,2400.0,1100.0,4300.0,34.0,17.0,57.0,12000.0,6000.0,19000.0,0.3,0.1,0.57,30.0,10.0,57.0,58.0,46.0,26.0,100.0
1964,Greece,GR,GRC,300,EUR,2024,10047812,3.6,2.9,4.3,360.0,290.0,430.0,2.8,,,0.1,0.05,0.17,10.0,5.0,17.0,0.41,0.4,0.43,42.0,40.0,44.0,0.02,0.01,0.04,2.0,1.0,4.0,0.44,0.41,0.46,44.0,41.0,46.0,0.12,0.1,0.15,12.0,10.0,15.0,3.7,100.0,86.0,130.0
1989,Greenland,GL,GRL,304,EUR,2024,55847,139.0,113.0,168.0,78.0,63.0,94.0,3.4,,,4.8,0.36,15.0,3.0,0.0,8.0,15.0,9.8,21.0,8.0,5.0,12.0,1.1,0.08,3.5,1.0,0.0,2.0,16.0,11.0,23.0,9.0,6.0,13.0,0.12,0.07,0.17,12.0,7.0,17.0,111.0,80.0,66.0,98.0
2014,Grenada,GD,GRD,308,AMR,2024,117199,1.7,1.4,2.1,2.0,2.0,2.0,,,,,,,,,,,,,,,,,,,,,,0.92,0.84,1.0,1.0,1.0,1.0,,,,,,,1.7,100.0,83.0,120.0
2039,Guam,GU,GUM,316,WPR,2024,167772,55.0,45.0,66.0,92.0,75.0,110.0,0.0,,,0.0,0.0,0.0,0.0,0.0,0.0,9.4,6.4,13.0,16.0,11.0,22.0,0.0,0.0,0.0,0.0,0.0,0.0,9.4,6.4,13.0,16.0,11.0,22.0,0.17,0.11,0.24,17.0,11.0,24.0,36.0,65.0,54.0,80.0
2064,Guatemala,GT,GTM,320,AMR,2024,18406356,28.0,23.0,34.0,5200.0,4200.0,6300.0,9.4,,,2.7,2.0,3.4,490.0,360.0,630.0,2.2,1.9,2.5,400.0,340.0,460.0,0.44,0.28,0.65,82.0,51.0,120.0,2.6,2.3,3.0,480.0,410.0,550.0,0.09,0.07,0.12,9.0,7.0,12.0,25.0,89.0,74.0,110.0
2089,Guinea,GN,GIN,324,AFR,2024,14754779,178.0,109.0,341.0,26000.0,16000.0,50000.0,17.0,,,30.0,22.0,40.0,4500.0,3300.0,5900.0,22.0,15.0,31.0,3300.0,2200.0,4500.0,9.0,6.2,12.0,1300.0,920.0,1800.0,31.0,23.0,40.0,4600.0,3400.0,5900.0,0.18,0.12,0.24,18.0,12.0,24.0,124.0,70.0,36.0,110.0
2114,Guinea-Bissau,GW,GNB,624,AFR,2024,2201346,176.0,108.0,337.0,3900.0,2400.0,7400.0,27.0,,,47.0,34.0,62.0,1000.0,750.0,1400.0,19.0,13.0,27.0,420.0,280.0,590.0,14.0,9.6,19.0,310.0,210.0,420.0,33.0,25.0,42.0,730.0,560.0,930.0,0.19,0.13,0.26,19.0,13.0,26.0,123.0,70.0,37.0,110.0
2139,Guyana,GY,GUY,328,AMR,2024,831082,67.0,54.0,80.0,550.0,450.0,670.0,17.0,,,11.0,8.2,15.0,93.0,68.0,120.0,17.0,14.0,19.0,140.0,120.0,160.0,2.8,1.9,3.8,23.0,16.0,32.0,20.0,17.0,22.0,160.0,140.0,190.0,0.3,0.23,0.37,30.0,23.0,37.0,51.0,77.0,64.0,95.0
2164,Haiti,HT,HTI,332,AMR,2024,11772562,175.0,143.0,211.0,21000.0,17000.0,25000.0,15.0,,,26.0,19.0,33.0,3000.0,2200.0,3900.0,7.7,4.8,11.0,900.0,560.0,1300.0,10.0,7.3,14.0,1200.0,860.0,1600.0,18.0,14.0,23.0,2100.0,1600.0,2700.0,0.1,0.07,0.14,10.0,7.0,14.0,95.0,54.0,45.0,66.0
2189,Honduras,HN,HND,340,AMR,2024,10825694,38.0,31.0,45.0,4100.0,3300.0,4900.0,6.7,,,2.5,1.9,3.3,270.0,200.0,350.0,4.5,3.8,5.3,490.0,410.0,580.0,0.84,0.59,1.1,90.0,64.0,120.0,5.4,4.6,6.2,580.0,500.0,670.0,0.14,0.11,0.18,14.0,11.0,18.0,24.0,65.0,54.0,80.0
2214,Hungary,HU,HUN,348,EUR,2024,9676124,5.6,4.5,6.7,540.0,440.0,650.0,1.1,,,0.06,0.03,0.1,6.0,3.0,10.0,0.78,0.71,0.87,76.0,68.0,84.0,0.01,0.01,0.02,1.0,1.0,2.0,0.8,0.72,0.88,77.0,70.0,85.0,0.14,0.11,0.18,14.0,11.0,18.0,4.4,78.0,65.0,96.0
2239,Iceland,IS,ISL,352,EUR,2024,393395,3.0,2.5,3.6,12.0,10.0,14.0,,,,,,,,,,,,,,,,,,,,,,0.24,0.24,0.25,1.0,1.0,1.0,,,,,,,2.0,67.0,56.0,83.0
2264,India,IN,IND,356,SEA,2024,1450935788,187.0,160.0,218.0,2710000.0,2330000.0,3160000.0,1.4,,,2.6,2.0,3.2,37000.0,29000.0,47000.0,21.0,16.0,26.0,300000.0,233000.0,375000.0,0.37,0.22,0.55,5300.0,3200.0,8000.0,21.0,16.0,26.0,305000.0,235000.0,380000.0,0.11,0.08,0.15,11.0,8.0,15.0,172.0,92.0,79.0,110.0
2289,Indonesia,ID,IDN,360,WPR,2024,283487922,382.0,319.0,433.0,1080000.0,905000.0,1230000.0,3.0,,,12.0,8.9,15.0,33000.0,25000.0,42000.0,41.0,35.0,48.0,118000.0,100000.0,136000.0,2.9,2.0,3.9,8100.0,5700.0,11000.0,44.0,38.0,51.0,126000.0,107000.0,145000.0,0.12,0.09,0.14,12.0,9.0,14.0,296.0,77.0,68.0,93.0
2314,Iran (Islamic Republic of),IR,IRN,364,EMR,2024,91567739,10.0,8.5,13.0,9600.0,7800.0,12000.0,1.5,,,0.15,0.11,0.2,140.0,100.0,180.0,1.0,0.97,1.0,920.0,890.0,950.0,0.04,0.03,0.06,38.0,27.0,52.0,1.0,1.0,1.1,960.0,930.0,990.0,0.1,0.08,0.12,10.0,8.0,12.0,7.7,73.0,61.0,90.0
2339,Iraq,IQ,IRQ,368,EMR,2024,46042013,21.0,17.0,26.0,9800.0,7900.0,12000.0,0.0,,,0.0,0.0,0.0,0.0,0.0,0.0,1.5,1.3,1.7,670.0,580.0,760.0,0.0,0.0,0.0,0.0,0.0,0.0,1.5,1.3,1.7,670.0,580.0,760.0,0.07,0.05,0.09,7.0,5.0,9.0,14.0,66.0,54.0,82.0
2364,Ireland,IE,IRL,372,EUR,2024,5255016,6.2,5.0,7.4,320.0,260.0,390.0,3.6,,,0.22,0.12,0.36,12.0,6.0,19.0,0.37,0.37,0.37,19.0,19.0,19.0,0.05,0.02,0.08,2.0,1.0,4.0,0.41,0.39,0.44,22.0,20.0,23.0,0.07,0.06,0.08,7.0,6.0,8.0,5.1,83.0,69.0,100.0
2389,Israel,IL,ISR,376,EUR,2024,9387024,2.4,2.0,2.9,230.0,190.0,280.0,4.6,,,0.11,0.05,0.21,11.0,4.0,19.0,0.24,0.23,0.25,22.0,22.0,23.0,0.02,0.01,0.04,2.0,1.0,4.0,0.26,0.24,0.28,24.0,23.0,26.0,0.11,0.09,0.13,11.0,9.0,13.0,2.1,86.0,71.0,110.0
2414,Italy,IT,ITA,380,EUR,2024,59342869,5.0,4.1,6.0,3000.0,2400.0,3600.0,5.2,,,0.26,0.14,0.41,150.0,84.0,250.0,0.51,0.5,0.51,300.0,300.0,300.0,0.05,0.03,0.08,30.0,15.0,50.0,0.56,0.53,0.59,330.0,310.0,350.0,0.11,0.09,0.14,11.0,9.0,14.0,5.0,100.0,83.0,120.0
2439,Jamaica,JM,JAM,388,AMR,2024,2839171,2.3,1.8,2.7,64.0,52.0,78.0,16.0,,,0.37,0.15,0.68,10.0,4.0,19.0,0.26,0.21,0.32,8.0,6.0,9.0,0.1,0.04,0.19,3.0,1.0,5.0,0.36,0.28,0.46,10.0,8.0,13.0,0.16,0.11,0.22,16.0,11.0,22.0,1.7,74.0,62.0,91.0
2464,Japan,JP,JPN,392,WPR,2024,123753041,9.8,8.0,12.0,12000.0,9800.0,15000.0,0.53,,,0.05,0.02,0.1,64.0,22.0,130.0,1.2,1.2,1.2,1500.0,1500.0,1500.0,0.01,0.0,0.02,13.0,4.0,27.0,1.2,1.2,1.2,1500.0,1500.0,1500.0,0.12,0.1,0.15,12.0,10.0,15.0,8.1,83.0,69.0,100.0
2489,Jordan,JO,JOR,400,EMR,2024,11552878,3.5,2.8,4.2,400.0,330.0,490.0,0.43,,,0.02,0.0,0.07,2.0,0.0,8.0,0.09,0.07,0.1,10.0,8.0,12.0,0.0,0.0,0.02,1.0,0.0,2.0,0.09,0.07,0.11,11.0,9.0,13.0,0.03,0.02,0.03,3.0,2.0,3.0,2.3,67.0,56.0,83.0
2514,Kazakhstan,KZ,KAZ,398,EUR,2024,20592573,45.0,36.0,54.0,9200.0,7500.0,11000.0,5.8,,,2.6,1.9,3.3,530.0,390.0,690.0,1.6,1.1,2.3,340.0,220.0,480.0,0.25,0.11,0.44,51.0,23.0,91.0,1.9,1.3,2.6,390.0,260.0,540.0,0.04,0.03,0.06,4.0,3.0,6.0,44.0,99.0,82.0,120.0
2539,Kenya,KE,KEN,404,AFR,2024,56432943,207.0,109.0,339.0,117000.0,61000.0,191000.0,23.0,,,44.0,22.0,69.0,25000.0,12000.0,39000.0,29.0,14.0,49.0,16000.0,7900.0,28000.0,14.0,6.6,23.0,8000.0,3700.0,13000.0,43.0,24.0,64.0,24000.0,13000.0,36000.0,0.22,0.09,0.39,22.0,9.0,39.0,168.0,81.0,50.0,150.0
2564,Kiribati,KI,KIR,296,WPR,2024,134524,945.0,769.0,1140.0,1300.0,1000.0,1500.0,0.46,,,4.3,0.03,18.0,6.0,0.0,25.0,37.0,31.0,43.0,49.0,42.0,58.0,2.0,0.01,8.5,3.0,0.0,11.0,39.0,32.0,47.0,52.0,42.0,63.0,0.04,0.03,0.05,4.0,3.0,5.0,444.0,47.0,39.0,58.0
2589,Kuwait,KW,KWT,414,EMR,2024,4934510,10.0,8.5,13.0,520.0,420.0,620.0,0.0,,,0.0,0.0,0.0,0.0,0.0,0.0,0.37,0.34,0.4,18.0,17.0,20.0,0.0,0.0,0.0,0.0,0.0,0.0,0.37,0.34,0.4,18.0,17.0,20.0,0.04,0.03,0.04,4.0,3.0,4.0,8.1,77.0,64.0,95.0
2614,Kyrgyzstan,KG,KGZ,417,EUR,2024,7186014,128.0,99.0,159.0,9200.0,7100.0,11000.0,3.5,,,4.5,3.2,6.0,330.0,230.0,430.0,2.8,2.2,3.5,200.0,160.0,250.0,2.2,1.5,3.0,160.0,110.0,210.0,5.0,4.6,5.4,360.0,330.0,390.0,0.04,0.03,0.05,4.0,3.0,5.0,56.0,43.0,35.0,56.0
2639,Lao People's Democratic Republic,LA,LAO,418,WPR,2024,7769822,127.0,77.0,189.0,9900.0,6000.0,15000.0,4.2,,,5.3,3.0,8.2,410.0,240.0,630.0,8.2,4.0,14.0,640.0,310.0,1100.0,0.82,0.45,1.3,64.0,35.0,100.0,9.0,4.8,15.0,700.0,370.0,1100.0,0.07,0.03,0.13,7.0,3.0,13.0,115.0,91.0,61.0,150.0
2664,Latvia,LV,LVA,428,EUR,2024,1871873,21.0,17.0,25.0,390.0,320.0,470.0,0.36,,,0.07,0.0,0.37,1.0,0.0,7.0,2.7,2.3,3.2,51.0,43.0,59.0,0.02,0.0,0.1,0.0,0.0,2.0,2.7,2.3,3.2,51.0,44.0,60.0,0.13,0.1,0.17,13.0,10.0,17.0,15.0,72.0,60.0,89.0
2689,Lebanon,LB,LBN,422,EMR,2024,5805970,13.0,10.0,15.0,740.0,600.0,890.0,0.26,,,0.03,0.0,0.12,2.0,0.0,7.0,1.8,1.2,2.5,100.0,71.0,140.0,0.01,0.0,0.04,1.0,0.0,2.0,1.8,1.2,2.5,100.0,71.0,140.0,0.14,0.09,0.2,14.0,9.0,20.0,9.2,72.0,60.0,89.0
2714,Lesotho,LS,LSO,426,AFR,2024,2337432,548.0,304.0,837.0,13000.0,7100.0,20000.0,62.0,,,319.0,163.0,470.0,7500.0,3800.0,11000.0,57.0,11.0,142.0,1300.0,250.0,3300.0,130.0,78.0,192.0,3000.0,1800.0,4500.0,187.0,118.0,267.0,4400.0,2800.0,6200.0,0.36,0.17,0.59,36.0,17.0,59.0,281.0,51.0,34.0,92.0
2739,Liberia,LR,LBR,430,AFR,2024,5612815,207.0,126.0,402.0,12000.0,7100.0,23000.0,11.0,,,22.0,17.0,29.0,1200.0,930.0,1600.0,28.0,20.0,39.0,1600.0,1100.0,2200.0,6.8,4.8,9.1,380.0,270.0,510.0,35.0,26.0,46.0,2000.0,1500.0,2600.0,0.17,0.12,0.23,17.0,12.0,23.0,143.0,69.0,36.0,110.0
2764,Libya,LY,LBY,434,EMR,2024,7381021,63.0,36.0,138.0,4700.0,2700.0,10000.0,1.2,,,0.76,0.32,1.4,56.0,23.0,100.0,12.0,5.8,21.0,910.0,430.0,1600.0,0.29,0.13,0.51,21.0,9.0,38.0,13.0,6.1,21.0,930.0,450.0,1600.0,0.22,0.07,0.41,22.0,7.0,41.0,37.0,58.0,27.0,100.0
2789,Lithuania,LT,LTU,440,EUR,2024,2859108,31.0,25.0,37.0,890.0,720.0,1100.0,2.4,,,0.73,0.38,1.2,21.0,11.0,34.0,4.4,3.6,5.2,130.0,100.0,150.0,0.2,0.1,0.34,6.0,3.0,10.0,4.6,3.8,5.4,130.0,110.0,150.0,0.15,0.11,0.19,15.0,11.0,19.0,23.0,73.0,61.0,90.0
2814,Luxembourg,LU,LUX,442,EUR,2024,673034,7.5,6.1,9.0,50.0,41.0,61.0,7.1,,,0.54,0.08,1.4,4.0,1.0,9.0,0.17,0.16,0.17,1.0,1.0,1.0,0.11,0.02,0.3,1.0,0.0,2.0,0.28,0.15,0.44,2.0,1.0,3.0,0.04,0.02,0.06,4.0,2.0,6.0,7.1,95.0,79.0,120.0
2839,Madagascar,MG,MDG,450,AFR,2024,31964951,224.0,138.0,424.0,72000.0,44000.0,136000.0,3.8,,,8.4,6.4,11.0,2700.0,2000.0,3400.0,32.0,22.0,43.0,10000.0,7000.0,14000.0,2.5,1.7,3.3,780.0,550.0,1100.0,34.0,24.0,46.0,11000.0,7800.0,15000.0,0.15,0.1,0.21,15.0,10.0,21.0,158.0,71.0,37.0,110.0
2864,Malawi,MW,MWI,454,AFR,2024,21655289,113.0,52.0,196.0,24000.0,11000.0,42000.0,43.0,,,49.0,22.0,87.0,11000.0,4700.0,19000.0,8.6,3.9,15.0,1900.0,850.0,3300.0,13.0,6.6,22.0,2900.0,1400.0,4800.0,22.0,13.0,32.0,4700.0,2900.0,7000.0,0.21,0.09,0.38,21.0,9.0,38.0,83.0,74.0,42.0,160.0
2889,Malaysia,MY,MYS,458,WPR,2024,35557672,96.0,78.0,116.0,34000.0,28000.0,41000.0,4.6,,,4.4,3.3,5.7,1600.0,1200.0,2000.0,7.2,4.5,11.0,2600.0,1600.0,3700.0,1.1,0.76,1.5,390.0,270.0,540.0,8.3,5.6,12.0,3000.0,2000.0,4100.0,0.09,0.06,0.13,9.0,6.0,13.0,74.0,77.0,64.0,94.0
2914,Maldives,MV,MDV,462,SEA,2024,527794,40.0,32.0,48.0,210.0,170.0,250.0,0.0,,,0.0,0.0,0.0,0.0,0.0,0.0,1.6,1.4,1.8,8.0,7.0,9.0,0.0,0.0,0.0,0.0,0.0,0.0,1.6,1.3,1.9,8.0,7.0,10.0,0.04,0.03,0.05,4.0,3.0,5.0,25.0,62.0,51.0,76.0
2939,Mali,ML,MLI,466,AFR,2024,24478588,51.0,31.0,97.0,12000.0,7600.0,24000.0,5.8,,,3.0,1.1,5.7,720.0,270.0,1400.0,7.3,2.9,13.0,1800.0,720.0,3300.0,0.89,0.39,1.6,220.0,95.0,390.0,8.1,3.7,14.0,2000.0,900.0,3500.0,0.18,0.06,0.37,18.0,6.0,37.0,35.0,70.0,36.0,110.0
2964,Malta,MT,MLT,470,EUR,2024,539598,15.0,12.0,18.0,82.0,67.0,99.0,,,,,,,,,,,,,,,,,,,,,,0.31,0.21,0.42,2.0,1.0,2.0,,,,,,,11.0,73.0,61.0,90.0
2989,Marshall Islands,MH,MHL,584,WPR,2024,37545,411.0,334.0,495.0,150.0,130.0,190.0,0.0,,,0.0,0.0,0.0,0.0,0.0,0.0,79.0,54.0,107.0,30.0,20.0,40.0,0.0,0.0,0.0,0.0,0.0,0.0,79.0,54.0,108.0,30.0,20.0,40.0,0.19,0.12,0.27,19.0,12.0,27.0,245.0,60.0,49.0,73.0
3014,Mauritania,MR,MRT,478,AFR,2024,5169393,65.0,40.0,125.0,3400.0,2100.0,6500.0,2.5,,,1.6,0.75,2.9,85.0,39.0,150.0,9.6,4.7,16.0,490.0,240.0,830.0,0.49,0.24,0.81,25.0,13.0,42.0,10.0,5.1,17.0,520.0,270.0,860.0,0.17,0.06,0.31,17.0,6.0,31.0,,,,
3039,Mauritius,MU,MUS,480,AFR,2024,1271172,13.0,10.0,15.0,160.0,130.0,190.0,9.6,,,1.2,0.54,2.2,15.0,7.0,27.0,1.2,1.2,1.3,15.0,15.0,16.0,0.4,0.17,0.73,5.0,2.0,9.0,1.6,1.3,1.9,21.0,17.0,24.0,0.13,0.1,0.16,13.0,10.0,16.0,8.2,65.0,54.0,80.0
3064,Mexico,MX,MEX,484,AMR,2024,130861014,28.0,23.0,34.0,37000.0,30000.0,44000.0,12.0,,,3.4,2.5,4.4,4400.0,3300.0,5700.0,2.1,1.7,2.7,2800.0,2200.0,3500.0,0.88,0.61,1.2,1200.0,800.0,1600.0,3.0,2.5,3.6,3900.0,3200.0,4700.0,0.11,0.08,0.14,11.0,8.0,14.0,21.0,75.0,62.0,92.0
3089,Micronesia (Federated States of),FM,FSM,583,WPR,2024,113161,264.0,215.0,318.0,300.0,240.0,360.0,0.76,,,2.0,0.01,9.4,2.0,0.0,11.0,63.0,44.0,86.0,72.0,49.0,98.0,0.92,0.0,4.3,1.0,0.0,5.0,64.0,44.0,88.0,73.0,50.0,99.0,0.25,0.16,0.35,25.0,16.0,35.0,125.0,47.0,39.0,58.0
3114,Monaco,MC,MCO,492,EUR,2024,38632,0.82,0.66,0.98,0.0,0.0,0.0,,,,,,,,,,,,,,,,,,,,,,0.02,0.0,0.06,0.0,0.0,0.0,,,,,,,,,,
3139,Mongolia,MN,MNG,496,WPR,2024,3475537,446.0,240.0,713.0,16000.0,8400.0,25000.0,0.07,,,0.33,0.01,1.1,11.0,0.0,39.0,11.0,9.6,12.0,370.0,330.0,420.0,0.21,0.01,0.74,7.0,0.0,26.0,11.0,9.6,12.0,380.0,330.0,430.0,0.03,0.01,0.04,3.0,1.0,4.0,81.0,18.0,11.0,34.0
3159,Montenegro,ME,MNE,499,EUR,2024,638476,16.0,13.0,20.0,100.0,83.0,130.0,0.0,,,0.0,0.0,0.0,0.0,0.0,0.0,0.18,0.05,0.39,1.0,0.0,2.0,0.0,0.0,0.0,0.0,0.0,0.0,0.18,0.09,0.31,1.0,1.0,2.0,0.01,0.0,0.02,1.0,0.0,2.0,9.1,56.0,45.0,70.0
3184,Montserrat,MS,MSR,500,AMR,2024,4387,0.0,0.0,0.0,0.0,0.0,0.0,,,,,,,,,,,,,,,,,,,,,,0.0,0.0,0.0,0.0,0.0,0.0,,,,,,,,,,
3209,Morocco,MA,MAR,504,EMR,2024,38081170,98.0,79.0,118.0,37000.0,30000.0,45000.0,1.4,,,1.4,1.0,1.8,530.0,390.0,690.0,7.2,4.1,11.0,2700.0,1600.0,4200.0,0.23,0.15,0.34,89.0,56.0,130.0,7.4,4.4,11.0,2800.0,1700.0,4300.0,0.08,0.04,0.12,8.0,4.0,12.0,87.0,89.0,74.0,110.0
3234,Mozambique,MZ,MOZ,508,AFR,2024,34631768,361.0,220.0,537.0,125000.0,76000.0,186000.0,23.0,,,85.0,49.0,131.0,29000.0,17000.0,45000.0,24.0,13.0,39.0,8500.0,4600.0,14000.0,16.0,9.4,25.0,5600.0,3200.0,8600.0,41.0,27.0,57.0,14000.0,9300.0,20000.0,0.12,0.06,0.19,12.0,6.0,19.0,308.0,85.0,57.0,140.0
3259,Myanmar,MM,MMR,104,SEA,2024,54500093,482.0,307.0,742.0,263000.0,167000.0,404000.0,6.2,,,30.0,17.0,46.0,16000.0,9200.0,25000.0,58.0,36.0,85.0,31000.0,19000.0,46000.0,9.0,5.2,14.0,4900.0,2800.0,7600.0,67.0,41.0,94.0,36000.0,22000.0,51000.0,0.15,0.07,0.24,15.0,7.0,24.0,210.0,44.0,28.0,68.0
3284,Namibia,,NAM,516,AFR,2024,3030137,422.0,236.0,600.0,13000.0,7100.0,18000.0,31.0,,,126.0,88.0,171.0,3800.0,2700.0,5200.0,54.0,30.0,86.0,1600.0,900.0,2600.0,39.0,24.0,57.0,1200.0,740.0,1700.0,93.0,60.0,126.0,2800.0,1800.0,3800.0,0.23,0.12,0.36,23.0,12.0,36.0,279.0,66.0,47.0,120.0
3309,Nauru,NR,NRU,520,WPR,2024,11944,161.0,131.0,194.0,19.0,16.0,23.0,,,,,,,,,,,,,,,,,,,,,,4.8,0.82,12.0,1.0,0.0,1.0,,,,,,,,,,
3334,Nepal,NP,NPL,524,SEA,2024,29651067,227.0,129.0,350.0,67000.0,38000.0,104000.0,0.63,,,1.4,0.78,2.3,420.0,230.0,680.0,53.0,28.0,87.0,16000.0,8300.0,26000.0,0.53,0.29,0.83,160.0,87.0,240.0,54.0,29.0,89.0,16000.0,8700.0,26000.0,0.25,0.1,0.44,25.0,10.0,44.0,136.0,60.0,39.0,110.0
3359,Netherlands (Kingdom of the),NL,NLD,528,EUR,2024,18228738,4.7,4.0,5.5,860.0,740.0,1000.0,2.8,,,0.13,0.08,0.2,24.0,14.0,37.0,0.12,0.11,0.12,21.0,21.0,22.0,0.02,0.01,0.04,4.0,2.0,7.0,0.14,0.13,0.16,26.0,23.0,29.0,0.03,0.03,0.04,3.0,3.0,4.0,4.1,87.0,75.0,100.0
3394,New Caledonia,NC,NCL,540,WPR,2024,292634,18.0,15.0,22.0,52.0,43.0,63.0,,,,,,,,,,3.0,2.1,4.2,9.0,6.0,12.0,0.0,0.0,0.0,0.0,0.0,0.0,3.0,2.1,4.2,9.0,6.0,12.0,0.17,0.11,0.24,17.0,11.0,24.0,12.0,65.0,54.0,80.0
3419,New Zealand,NZ,NZL,554,WPR,2024,5213941,7.9,6.5,9.6,410.0,340.0,500.0,0.87,,,0.07,0.01,0.19,4.0,0.0,10.0,0.26,0.26,0.26,14.0,14.0,14.0,0.01,0.0,0.04,1.0,0.0,2.0,0.28,0.26,0.29,14.0,13.0,15.0,0.04,0.03,0.04,4.0,3.0,4.0,6.8,85.0,71.0,100.0
3444,Nicaragua,NI,NIC,558,AMR,2024,6916136,43.0,35.0,52.0,3000.0,2400.0,3600.0,6.6,,,2.8,2.1,3.7,200.0,150.0,250.0,1.9,1.6,2.2,130.0,110.0,150.0,0.83,0.58,1.1,58.0,40.0,78.0,2.7,2.3,3.1,190.0,160.0,220.0,0.06,0.05,0.08,6.0,5.0,8.0,,,,
3469,Niger,NE,NER,562,AFR,2024,27032412,86.0,53.0,164.0,23000.0,14000.0,44000.0,2.3,,,2.0,1.1,3.0,530.0,310.0,820.0,12.0,7.1,19.0,3400.0,1900.0,5200.0,0.58,0.34,0.88,160.0,92.0,240.0,13.0,7.6,20.0,3500.0,2100.0,5400.0,0.16,0.07,0.27,16.0,7.0,27.0,61.0,71.0,37.0,110.0
3494,Nigeria,NG,NGA,566,AFR,2024,232679479,219.0,143.0,311.0,510000.0,333000.0,724000.0,4.8,,,11.0,6.5,16.0,25000.0,15000.0,36000.0,24.0,14.0,36.0,56000.0,33000.0,84000.0,2.5,1.5,3.7,5800.0,3600.0,8500.0,26.0,16.0,39.0,61000.0,38000.0,90000.0,0.12,0.07,0.2,12.0,7.0,20.0,173.0,79.0,56.0,120.0
3519,Niue,NU,NIU,570,WPR,2024,1818,55.0,45.0,66.0,1.0,1.0,1.0,,,,,,,,,,,,,,,,,,,,,,1.7,0.33,4.1,0.0,0.0,0.0,,,,,,,55.0,100.0,83.0,120.0
3544,North Macedonia,MK,MKD,807,EUR,2024,1823010,11.0,9.2,14.0,210.0,170.0,250.0,0.66,,,0.07,0.0,0.29,1.0,0.0,5.0,0.66,0.45,0.92,12.0,8.0,17.0,0.02,0.0,0.08,0.0,0.0,1.0,0.68,0.46,0.94,12.0,8.0,17.0,0.06,0.04,0.09,6.0,4.0,9.0,8.6,75.0,63.0,93.0
3569,Northern Mariana Islands,MP,MNP,580,WPR,2024,44279,35.0,28.0,42.0,15.0,13.0,19.0,0.0,,,0.0,0.0,0.0,0.0,0.0,0.0,5.9,3.9,8.3,3.0,2.0,4.0,0.0,0.0,0.0,0.0,0.0,0.0,5.9,3.4,9.1,3.0,2.0,4.0,0.17,0.09,0.27,17.0,9.0,27.0,23.0,65.0,54.0,80.0
3594,Norway,NO,NOR,578,EUR,2024,5576659,3.3,2.6,3.9,180.0,150.0,220.0,1.4,,,0.05,0.0,0.14,3.0,0.0,8.0,0.07,0.07,0.07,4.0,4.0,4.0,0.01,0.0,0.03,0.0,0.0,1.0,0.08,0.07,0.09,4.0,4.0,5.0,0.03,0.02,0.03,3.0,2.0,3.0,2.9,88.0,73.0,110.0
3619,"occupied Palestinian territory, including east Jerusalem",PS,PSE,275,EMR,2024,5495436,0.29,0.23,0.35,16.0,13.0,19.0,0.0,,,0.0,0.0,0.0,0.0,0.0,0.0,0.04,0.03,0.06,2.0,2.0,3.0,0.0,0.0,0.0,0.0,0.0,0.0,0.04,0.03,0.07,2.0,1.0,4.0,0.15,0.08,0.24,15.0,8.0,24.0,0.2,70.0,58.0,86.0
3644,Oman,OM,OMN,512,EMR,2024,5281542,11.0,9.3,14.0,600.0,490.0,730.0,0.96,,,0.11,0.02,0.27,6.0,1.0,14.0,0.36,0.26,0.47,19.0,14.0,25.0,0.03,0.01,0.08,2.0,0.0,4.0,0.39,0.29,0.51,21.0,15.0,27.0,0.04,0.02,0.05,4.0,2.0,5.0,7.9,69.0,58.0,85.0
3669,Pakistan,PK,PAK,586,EMR,2024,251269166,266.0,186.0,355.0,669000.0,468000.0,893000.0,0.39,,,1.0,0.02,3.9,2600.0,56.0,9800.0,20.0,16.0,26.0,51000.0,39000.0,64000.0,0.27,0.01,1.0,690.0,15.0,2600.0,21.0,16.0,26.0,52000.0,40000.0,66000.0,0.08,0.05,0.11,8.0,5.0,11.0,198.0,74.0,56.0,110.0
3694,Palau,PW,PLW,585,WPR,2024,17696,28.0,23.0,34.0,5.0,4.0,6.0,,,,,,,,,,,,,,,,,,,,,,0.85,0.08,2.5,0.0,0.0,0.0,,,,,,,28.0,100.0,83.0,120.0
3719,Panama,PA,PAN,591,AMR,2024,4515582,63.0,51.0,76.0,2800.0,2300.0,3400.0,17.0,,,11.0,8.1,14.0,490.0,370.0,640.0,4.1,4.0,4.3,190.0,180.0,190.0,2.7,1.9,3.7,120.0,85.0,170.0,6.9,6.0,7.8,310.0,270.0,350.0,0.11,0.09,0.14,11.0,9.0,14.0,48.0,77.0,64.0,94.0
3744,Papua New Guinea,PG,PNG,598,WPR,2024,10576504,664.0,392.0,1370.0,70000.0,41000.0,145000.0,5.1,,,34.0,27.0,41.0,3600.0,2900.0,4400.0,110.0,80.0,145.0,12000.0,8500.0,15000.0,12.0,8.6,15.0,1200.0,900.0,1600.0,122.0,92.0,157.0,13000.0,9700.0,17000.0,0.18,0.14,0.24,18.0,14.0,24.0,423.0,64.0,31.0,110.0
3769,Paraguay,PY,PRY,600,AMR,2024,6929154,81.0,66.0,98.0,5600.0,4600.0,6800.0,8.3,,,6.8,5.0,8.8,470.0,350.0,610.0,3.5,1.6,6.2,240.0,110.0,430.0,1.9,1.4,2.6,130.0,94.0,180.0,5.4,3.3,8.1,380.0,230.0,560.0,0.07,0.04,0.1,7.0,4.0,10.0,59.0,72.0,60.0,88.0
3794,Peru,PE,PER,604,AMR,2024,34217854,139.0,107.0,220.0,48000.0,37000.0,75000.0,5.5,,,7.7,4.6,11.0,2600.0,1600.0,3900.0,8.5,5.9,12.0,2900.0,2000.0,3900.0,2.0,1.2,3.2,700.0,400.0,1100.0,11.0,8.7,15.0,3600.0,3000.0,5200.0,0.08,0.04,0.12,8.0,4.0,12.0,89.0,64.0,40.0,83.0
3819,Philippines,PH,PHL,608,WPR,2024,115843666,625.0,344.0,1020.0,724000.0,399000.0,1180000.0,0.76,,,4.7,2.1,8.4,5500.0,2400.0,9800.0,31.0,27.0,35.0,36000.0,32000.0,41000.0,1.2,0.59,2.1,1400.0,680.0,2500.0,32.0,28.0,37.0,37000.0,33000.0,42000.0,0.06,0.03,0.09,6.0,3.0,9.0,470.0,75.0,46.0,140.0
3844,Poland,PL,POL,616,EUR,2024,38539206,11.0,9.2,14.0,4400.0,3500.0,5300.0,1.1,,,0.13,0.07,0.21,50.0,27.0,80.0,1.2,1.2,1.3,480.0,460.0,500.0,0.03,0.01,0.05,11.0,5.0,18.0,1.3,1.2,1.3,490.0,470.0,510.0,0.11,0.09,0.14,11.0,9.0,14.0,10.0,91.0,76.0,110.0
3869,Portugal,PT,PRT,620,EUR,2024,10425302,15.0,12.0,18.0,1500.0,1200.0,1800.0,11.0,,,1.7,1.2,2.1,170.0,130.0,220.0,1.4,1.4,1.5,150.0,140.0,150.0,0.28,0.18,0.41,29.0,19.0,43.0,1.7,1.6,1.8,180.0,170.0,190.0,0.12,0.09,0.14,12.0,9.0,14.0,13.0,88.0,73.0,110.0
3894,Puerto Rico,PR,PRI,630,AMR,2024,3242203,0.55,0.45,0.66,18.0,14.0,21.0,5.0,,,0.03,0.0,0.13,1.0,0.0,4.0,0.19,0.18,0.19,6.0,6.0,6.0,0.01,0.0,0.03,0.0,0.0,1.0,0.19,0.18,0.21,6.0,6.0,7.0,0.35,0.28,0.43,35.0,28.0,43.0,,,,
3919,Qatar,QA,QAT,634,EMR,2024,3048426,37.0,30.0,44.0,1100.0,910.0,1300.0,0.24,,,0.09,0.0,0.29,3.0,0.0,9.0,0.28,0.22,0.35,9.0,7.0,11.0,0.02,0.0,0.08,1.0,0.0,2.0,0.31,0.23,0.39,9.0,7.0,12.0,0.01,0.01,0.01,1.0,1.0,1.0,28.0,76.0,63.0,93.0
3944,Republic of Korea,KR,KOR,410,WPR,2024,51717598,35.0,32.0,37.0,18000.0,17000.0,19000.0,,,,,,,,,,2.9,2.7,3.1,1500.0,1400.0,1600.0,0.04,0.02,0.07,22.0,10.0,38.0,3.0,2.8,3.2,1500.0,1400.0,1600.0,0.09,0.08,0.09,9.0,8.0,9.0,32.0,94.0,87.0,100.0
3969,Republic of Moldova,MD,MDA,498,EUR,2024,3034960,64.0,52.0,77.0,2000.0,1600.0,2400.0,12.0,,,7.9,5.9,10.0,240.0,180.0,310.0,6.3,5.2,7.5,190.0,160.0,230.0,0.77,0.34,1.4,23.0,10.0,42.0,7.1,5.9,8.4,210.0,180.0,250.0,0.11,0.08,0.14,11.0,8.0,14.0,64.0,99.0,82.0,120.0
3994,Romania,RO,ROU,642,EUR,2024,19015088,60.0,49.0,73.0,11000.0,9300.0,14000.0,2.3,,,1.4,1.0,1.8,260.0,190.0,340.0,5.1,3.3,7.3,970.0,630.0,1400.0,0.34,0.23,0.46,64.0,44.0,88.0,5.4,3.6,7.6,1000.0,690.0,1400.0,0.09,0.06,0.13,9.0,6.0,13.0,44.0,74.0,61.0,91.0
4019,Russia,RU,RUS,643,EUR,2024,144820422,34.0,18.0,56.0,49000.0,25000.0,81000.0,25.0,,,8.5,4.1,14.0,12000.0,6000.0,21000.0,3.4,2.8,4.0,4900.0,4100.0,5800.0,0.78,0.25,1.6,1100.0,360.0,2400.0,4.2,3.3,5.1,6000.0,4800.0,7400.0,0.13,0.07,0.21,13.0,7.0,21.0,34.0,100.0,60.0,190.0
4044,Rwanda,RW,RWA,646,AFR,2024,14256561,62.0,44.0,83.0,8800.0,6200.0,12000.0,13.0,,,8.0,5.3,11.0,1100.0,750.0,1600.0,2.4,0.91,4.7,350.0,130.0,670.0,0.93,0.46,1.6,130.0,66.0,220.0,3.4,1.7,5.7,480.0,240.0,810.0,0.06,0.03,0.1,6.0,3.0,10.0,59.0,96.0,72.0,140.0
4069,Saint Kitts and Nevis,KN,KNA,659,AMR,2024,46842,1.1,0.93,1.4,1.0,0.0,1.0,,,,,,,,,,,,,,,,,,,,,,1.9,1.9,2.0,1.0,1.0,1.0,,,,,,,,,,
4094,Saint Lucia,LC,LCA,662,AMR,2024,179741,0.56,0.45,0.67,1.0,1.0,1.0,,,,,,,,,,,,,,,,,,,,,,0.48,0.35,0.62,1.0,1.0,1.0,,,,,,,0.56,100.0,83.0,120.0
4119,Saint Vincent and the Grenadines,VC,VCT,670,AMR,2024,100615,4.6,3.7,5.5,5.0,4.0,6.0,,,,,,,,,,,,,,,,,,,,,,1.1,0.91,1.2,1.0,1.0,1.0,,,,,,,,,,
4144,Samoa,WS,WSM,882,WPR,2024,218022,5.5,4.5,6.6,12.0,10.0,14.0,,,,,,,,,,,,,,,,,,,,,,0.17,0.02,0.44,0.0,0.0,1.0,,,,,,,5.5,100.0,83.0,120.0
4169,San Marino,SM,SMR,674,EUR,2024,33582,0.0,0.0,0.0,0.0,0.0,0.0,,,,,,,,,,,,,,,,,,,,,,0.0,0.0,0.0,0.0,0.0,0.0,,,,,,,,,,
4194,Sao Tome and Principe,ST,STP,678,AFR,2024,235536,87.0,71.0,105.0,210.0,170.0,250.0,19.0,,,17.0,10.0,25.0,40.0,25.0,58.0,13.0,8.6,17.0,30.0,20.0,41.0,5.8,3.5,8.8,14.0,8.0,21.0,18.0,14.0,24.0,44.0,32.0,57.0,0.21,0.15,0.29,21.0,15.0,29.0,55.0,63.0,52.0,77.0
4219,Saudi Arabia,SA,SAU,682,EMR,2024,33962761,8.4,7.6,9.3,2900.0,2600.0,3100.0,2.4,,,0.21,0.15,0.26,70.0,52.0,90.0,0.54,0.52,0.57,180.0,180.0,190.0,0.03,0.02,0.05,11.0,6.0,16.0,0.57,0.55,0.6,200.0,190.0,200.0,0.07,0.06,0.08,7.0,6.0,8.0,7.6,91.0,82.0,100.0
4244,Senegal,SN,SEN,686,AFR,2024,18501996,132.0,80.0,258.0,24000.0,15000.0,48000.0,4.5,,,5.9,4.0,8.2,1100.0,740.0,1500.0,20.0,13.0,28.0,3700.0,2400.0,5300.0,1.8,1.2,2.6,340.0,220.0,480.0,22.0,15.0,30.0,4000.0,2700.0,5600.0,0.17,0.1,0.25,17.0,10.0,25.0,90.0,68.0,35.0,110.0
4269,Serbia,RS,SRB,688,EUR,2024,6736222,8.7,7.1,10.0,590.0,480.0,710.0,0.31,,,0.03,0.01,0.04,2.0,1.0,3.0,0.39,0.29,0.5,26.0,20.0,34.0,0.01,0.0,0.01,0.0,0.0,1.0,0.4,0.3,0.51,27.0,20.0,34.0,0.05,0.03,0.06,5.0,3.0,6.0,6.6,76.0,63.0,93.0
4294,Seychelles,SC,SYC,690,AFR,2024,130425,17.0,14.0,20.0,22.0,18.0,27.0,,,,,,,,,,,,,,,,,,,,,,0.59,0.27,1.0,1.0,0.0,1.0,,,,,,,17.0,100.0,83.0,120.0
4319,Sierra Leone,SL,SLE,694,AFR,2024,8642023,372.0,228.0,717.0,32000.0,20000.0,62000.0,14.0,,,52.0,23.0,94.0,4500.0,2000.0,8100.0,48.0,22.0,85.0,4200.0,1900.0,7300.0,16.0,7.5,26.0,1300.0,650.0,2300.0,64.0,35.0,101.0,5500.0,3100.0,8700.0,0.19,0.07,0.35,19.0,7.0,35.0,259.0,70.0,36.0,110.0
4344,Singapore,SG,SGP,702,WPR,2024,5832385,43.0,35.0,52.0,2500.0,2100.0,3000.0,0.78,,,0.34,0.18,0.54,20.0,11.0,31.0,0.39,0.37,0.42,23.0,22.0,24.0,0.06,0.03,0.1,3.0,2.0,6.0,0.45,0.41,0.49,26.0,24.0,29.0,0.01,0.01,0.01,1.0,1.0,1.0,38.0,89.0,74.0,110.0
4359,Sint Maarten (Dutch part),SX,SXM,534,AMR,2024,43349,6.9,5.6,8.3,3.0,2.0,4.0,,,,,,,,,,,,,,,,,,,,,,0.21,0.01,0.73,0.0,0.0,0.0,,,,,,,6.9,100.0,83.0,120.0
4384,Slovakia,SK,SVK,703,EUR,2024,5506752,3.3,2.7,3.9,180.0,150.0,220.0,3.1,,,0.1,0.02,0.24,6.0,1.0,13.0,0.51,0.41,0.61,28.0,23.0,33.0,0.02,0.0,0.05,1.0,0.0,3.0,0.53,0.43,0.63,29.0,24.0,35.0,0.16,0.12,0.21,16.0,12.0,21.0,2.3,69.0,57.0,85.0
4409,Slovenia,SI,SVN,705,EUR,2024,2118697,2.6,2.1,3.1,54.0,44.0,65.0,2.5,,,0.06,0.0,0.27,1.0,0.0,6.0,0.1,0.1,0.11,2.0,2.0,2.0,0.01,0.0,0.05,0.0,0.0,1.0,0.12,0.09,0.15,2.0,2.0,3.0,0.05,0.03,0.06,5.0,3.0,6.0,2.2,85.0,70.0,100.0
4434,Solomon Islands,SB,SLB,90,WPR,2024,819192,123.0,100.0,148.0,1000.0,820.0,1200.0,,,,,,,,,,31.0,21.0,42.0,250.0,170.0,340.0,0.0,0.0,0.0,0.0,0.0,0.0,31.0,21.0,42.0,250.0,170.0,340.0,0.25,0.16,0.36,25.0,16.0,36.0,55.0,45.0,37.0,55.0
4459,Somalia,SO,SOM,706,EMR,2024,19009144,151.0,89.0,314.0,29000.0,17000.0,60000.0,0.77,,,1.2,0.82,1.6,220.0,160.0,300.0,26.0,17.0,37.0,5000.0,3300.0,7000.0,0.4,0.27,0.55,75.0,51.0,100.0,27.0,18.0,37.0,5100.0,3400.0,7100.0,0.18,0.11,0.26,18.0,11.0,26.0,97.0,64.0,31.0,110.0
4484,South Africa,ZA,ZAF,710,AFR,2024,64007188,389.0,242.0,571.0,249000.0,155000.0,365000.0,54.0,,,209.0,123.0,319.0,134000.0,79000.0,204000.0,40.0,38.0,42.0,25000.0,24000.0,27000.0,46.0,12.0,102.0,29000.0,7600.0,65000.0,85.0,46.0,137.0,54000.0,29000.0,88000.0,0.23,0.1,0.39,23.0,10.0,39.0,287.0,74.0,50.0,120.0
4498,South Sudan,SS,SSD,728,AFR,2024,11943418,320.0,197.0,605.0,38000.0,24000.0,72000.0,9.4,,,30.0,13.0,53.0,3600.0,1600.0,6300.0,42.0,20.0,73.0,5100.0,2400.0,8800.0,8.7,4.3,15.0,1000.0,520.0,1700.0,51.0,27.0,82.0,6100.0,3300.0,9800.0,0.18,0.07,0.33,18.0,7.0,33.0,226.0,71.0,37.0,110.0
4523,Spain,ES,ESP,724,EUR,2024,47910532,7.9,6.5,9.6,3800.0,3100.0,4600.0,6.8,,,0.54,0.2,1.0,260.0,97.0,500.0,0.43,0.42,0.44,210.0,200.0,210.0,0.1,0.04,0.2,49.0,17.0,97.0,0.53,0.45,0.62,250.0,210.0,300.0,0.07,0.05,0.09,7.0,5.0,9.0,6.8,86.0,71.0,110.0
4548,Sri Lanka,LK,LKA,144,SEA,2024,23103568,59.0,35.0,119.0,14000.0,8100.0,28000.0,0.77,,,0.46,0.2,0.83,110.0,45.0,190.0,3.5,3.1,3.8,800.0,720.0,880.0,0.15,0.07,0.26,35.0,16.0,60.0,3.6,3.3,4.0,840.0,760.0,920.0,0.07,0.03,0.11,7.0,3.0,11.0,39.0,66.0,32.0,110.0
4573,Sudan,SD,SDN,729,EMR,2024,50448966,47.0,29.0,70.0,24000.0,15000.0,35000.0,2.2,,,1.0,0.31,2.2,520.0,160.0,1100.0,8.6,4.9,13.0,4400.0,2500.0,6700.0,0.37,0.11,0.78,190.0,57.0,390.0,9.0,5.3,14.0,4500.0,2700.0,6900.0,0.2,0.09,0.34,20.0,9.0,34.0,29.0,61.0,41.0,99.0
4598,Suriname,SR,SUR,740,AMR,2024,634427,34.0,28.0,41.0,210.0,170.0,260.0,18.0,,,6.3,3.9,9.2,40.0,25.0,58.0,1.5,1.2,1.8,10.0,8.0,12.0,2.2,1.3,3.4,14.0,8.0,21.0,3.7,2.8,4.9,24.0,18.0,31.0,0.11,0.08,0.15,11.0,8.0,15.0,21.0,61.0,51.0,75.0
4623,Sweden,SE,SWE,752,EUR,2024,10607003,3.3,2.7,4.0,350.0,290.0,420.0,2.2,,,0.07,0.04,0.12,8.0,4.0,13.0,0.18,0.18,0.19,19.0,19.0,20.0,0.01,0.01,0.02,1.0,1.0,2.0,0.2,0.19,0.21,21.0,20.0,22.0,0.06,0.05,0.07,6.0,5.0,7.0,2.8,86.0,71.0,110.0
4648,Switzerland,CH,CHE,756,EUR,2024,8921971,5.4,4.4,6.5,480.0,390.0,580.0,4.6,,,0.25,0.13,0.4,22.0,12.0,36.0,0.12,0.12,0.12,11.0,10.0,11.0,0.04,0.02,0.08,4.0,2.0,7.0,0.16,0.14,0.19,15.0,12.0,17.0,0.03,0.02,0.04,3.0,2.0,4.0,4.7,87.0,72.0,110.0
4673,Syrian Arab Republic,SY,SYR,760,EMR,2024,24672756,23.0,18.0,27.0,5600.0,4600.0,6800.0,0.04,,,0.01,0.0,0.03,2.0,0.0,8.0,0.13,0.12,0.15,33.0,29.0,37.0,0.0,0.0,0.01,1.0,0.0,3.0,0.14,0.12,0.15,34.0,30.0,38.0,0.01,0.0,0.01,1.0,0.0,1.0,14.0,62.0,52.0,77.0
4698,Tajikistan,TJ,TJK,762,EUR,2024,10590931,75.0,56.0,92.0,7900.0,6000.0,9700.0,2.2,,,1.7,1.2,2.2,180.0,130.0,240.0,7.2,6.1,8.3,760.0,650.0,880.0,0.65,0.45,0.9,69.0,47.0,95.0,7.8,6.6,9.0,830.0,700.0,950.0,0.11,0.08,0.14,11.0,8.0,14.0,42.0,56.0,46.0,75.0
4723,Thailand,TH,THA,764,SEA,2024,71668014,146.0,106.0,181.0,104000.0,76000.0,130000.0,7.4,,,11.0,7.1,14.0,7600.0,5100.0,10000.0,14.0,10.0,18.0,9900.0,7200.0,13000.0,2.0,1.1,2.7,1400.0,820.0,1900.0,16.0,12.0,20.0,11000.0,8300.0,15000.0,0.11,0.07,0.15,11.0,7.0,15.0,114.0,78.0,63.0,110.0
4746,Timor-Leste,TL,TLS,626,SEA,2024,1400636,496.0,300.0,973.0,6900.0,4200.0,14000.0,1.4,,,6.8,5.1,8.7,95.0,72.0,120.0,78.0,56.0,102.0,1100.0,790.0,1400.0,1.6,0.93,2.5,23.0,13.0,35.0,79.0,58.0,104.0,1100.0,810.0,1500.0,0.16,0.11,0.21,16.0,11.0,21.0,338.0,68.0,35.0,110.0
4771,Togo,TG,TGO,768,AFR,2024,9515236,48.0,29.0,93.0,4500.0,2800.0,8800.0,12.0,,,5.9,2.1,12.0,560.0,200.0,1100.0,6.4,2.5,12.0,610.0,230.0,1200.0,1.8,0.74,3.3,170.0,70.0,310.0,8.2,3.9,14.0,780.0,370.0,1300.0,0.2,0.06,0.4,20.0,6.0,40.0,33.0,69.0,36.0,110.0
4796,Tokelau,TK,TKL,772,WPR,2024,2510,13.0,10.0,16.0,0.0,0.0,0.0,,,,,,,,,,,,,,,,,,,,,,0.39,0.07,0.96,0.0,0.0,0.0,,,,,,,,,,
4821,Tonga,TO,TON,776,WPR,2024,104169,1.9,1.6,2.3,2.0,2.0,2.0,,,,,,,,,,,,,,,,,,,,,,0.06,0.01,0.16,0.0,0.0,0.0,,,,,,,1.9,100.0,83.0,120.0
4846,Trinidad and Tobago,TT,TTO,780,AMR,2024,1507783,27.0,22.0,32.0,400.0,330.0,490.0,19.0,,,5.0,3.5,6.7,75.0,53.0,100.0,1.5,1.4,1.5,22.0,22.0,22.0,1.3,0.89,1.9,20.0,13.0,28.0,2.8,2.3,3.3,42.0,35.0,50.0,0.1,0.08,0.13,10.0,8.0,13.0,20.0,74.0,62.0,91.0
4871,Tunisia,TN,TUN,788,EMR,2024,12277102,39.0,31.0,47.0,4700.0,3900.0,5700.0,0.73,,,0.28,0.1,0.56,34.0,12.0,68.0,1.2,0.85,1.5,140.0,100.0,190.0,0.09,0.03,0.18,11.0,4.0,22.0,1.3,0.93,1.6,150.0,110.0,200.0,0.03,0.02,0.04,3.0,2.0,4.0,,,,
4896,Türkiye,TR,TUR,792,EUR,2024,87473816,13.0,11.0,16.0,11000.0,9300.0,14000.0,1.4,,,0.18,0.13,0.23,160.0,120.0,200.0,0.42,0.38,0.46,370.0,330.0,400.0,0.04,0.03,0.06,38.0,26.0,52.0,0.46,0.42,0.5,400.0,370.0,440.0,0.04,0.03,0.04,4.0,3.0,4.0,10.0,78.0,64.0,95.0
4921,Turkmenistan,TM,TKM,795,EUR,2024,7494492,40.0,32.0,48.0,3000.0,2400.0,3600.0,22.0,,,8.8,4.9,14.0,660.0,360.0,1000.0,10.0,8.6,12.0,770.0,650.0,890.0,2.3,1.2,3.7,170.0,89.0,270.0,12.0,10.0,15.0,930.0,790.0,1100.0,0.32,0.24,0.4,32.0,24.0,40.0,30.0,76.0,63.0,93.0
4946,Turks and Caicos Islands,TC,TCA,796,AMR,2024,46531,8.6,7.0,10.0,4.0,3.0,5.0,,,,,,,,,,,,,,,,,,,,,,0.26,0.02,0.79,0.0,0.0,0.0,,,,,,,8.6,100.0,83.0,120.0
4971,Tuvalu,TV,TUV,798,WPR,2024,9645,223.0,182.0,269.0,22.0,18.0,26.0,,,,,,,,,,,,,,,,,,,,,,6.7,1.2,17.0,1.0,0.0,2.0,,,,,,,,,,
4996,Uganda,UG,UGA,800,AFR,2024,50015100,197.0,118.0,296.0,99000.0,59000.0,148000.0,33.0,,,65.0,37.0,101.0,33000.0,19000.0,51000.0,9.1,4.5,15.0,4600.0,2200.0,7700.0,10.0,5.6,16.0,5100.0,2800.0,8200.0,19.0,12.0,28.0,9700.0,6200.0,14000.0,0.1,0.05,0.17,10.0,5.0,17.0,178.0,90.0,60.0,150.0
5021,Ukraine,UA,UKR,804,EUR,2024,37860219,86.0,68.0,106.0,33000.0,26000.0,40000.0,20.0,,,17.0,13.0,21.0,6400.0,4800.0,8100.0,7.0,6.7,7.3,2600.0,2500.0,2700.0,4.1,2.8,6.0,1600.0,1100.0,2300.0,11.0,9.6,13.0,4200.0,3600.0,4800.0,0.13,0.1,0.17,13.0,10.0,17.0,48.0,56.0,46.0,71.0
5046,United Arab Emirates,AE,ARE,784,EMR,2024,11027123,0.63,0.51,0.76,70.0,57.0,84.0,2.0,,,0.01,0.0,0.05,1.0,0.0,6.0,0.67,0.39,1.0,74.0,43.0,110.0,0.0,0.0,0.01,0.0,0.0,1.0,0.68,0.39,1.0,75.0,43.0,110.0,1.0,0.44,1.0,100.0,44.0,100.0,0.52,82.0,68.0,100.0
5071,United Kingdom of Great Britain and Northern Ireland,GB,GBR,826,EUR,2024,69138194,9.7,9.0,10.0,6700.0,6200.0,7200.0,1.6,,,0.16,0.12,0.19,110.0,85.0,130.0,0.34,0.34,0.35,240.0,230.0,240.0,0.03,0.02,0.04,18.0,12.0,26.0,0.37,0.36,0.38,260.0,250.0,260.0,0.04,0.04,0.04,4.0,4.0,4.0,8.6,89.0,83.0,96.0
5096,United Republic of Tanzania,TZ,TZA,834,AFR,2024,68560157,172.0,67.0,326.0,118000.0,46000.0,224000.0,17.0,,,28.0,11.0,55.0,19000.0,7200.0,38000.0,25.0,9.8,47.0,17000.0,6700.0,32000.0,9.5,4.0,17.0,6500.0,2800.0,12000.0,34.0,17.0,57.0,23000.0,12000.0,39000.0,0.23,0.07,0.45,23.0,7.0,45.0,111.0,64.0,34.0,170.0
5121,United States of America,US,USA,840,AMR,2024,345426574,3.2,2.6,3.9,11000.0,9100.0,13000.0,4.9,,,0.16,0.12,0.21,550.0,410.0,720.0,0.16,0.16,0.16,540.0,540.0,550.0,0.03,0.02,0.04,100.0,67.0,150.0,0.19,0.18,0.2,650.0,610.0,690.0,0.06,0.05,0.07,6.0,5.0,7.0,,,,
5146,Uruguay,UY,URY,858,AMR,2024,3386590,47.0,38.0,57.0,1600.0,1300.0,1900.0,12.0,,,5.5,4.1,7.1,180.0,140.0,240.0,5.4,4.5,6.4,180.0,150.0,220.0,1.2,0.81,1.7,41.0,27.0,56.0,6.6,5.6,7.7,220.0,190.0,260.0,0.14,0.11,0.18,14.0,11.0,18.0,38.0,81.0,67.0,100.0
5171,Uzbekistan,UZ,UZB,860,EUR,2024,36361872,51.0,41.0,61.0,18000.0,15000.0,22000.0,3.3,,,1.7,1.3,2.2,610.0,460.0,800.0,1.6,1.6,1.7,580.0,560.0,600.0,0.44,0.3,0.6,160.0,110.0,220.0,2.0,1.9,2.2,740.0,690.0,800.0,0.04,0.03,0.05,4.0,3.0,5.0,38.0,75.0,63.0,93.0
5196,Vanuatu,VU,VUT,548,WPR,2024,327784,44.0,25.0,97.0,150.0,83.0,320.0,1.2,,,0.53,0.0,2.5,2.0,0.0,8.0,8.1,2.8,16.0,27.0,9.0,53.0,0.19,0.0,0.88,1.0,0.0,3.0,8.3,2.9,16.0,27.0,10.0,54.0,0.22,0.05,0.48,22.0,5.0,48.0,27.0,61.0,28.0,110.0
5221,Venezuela (Bolivarian Republic of),VE,VEN,862,AMR,2024,28405538,46.0,37.0,56.0,13000.0,11000.0,16000.0,7.8,,,3.6,2.7,4.7,1000.0,760.0,1300.0,2.5,1.8,3.2,700.0,520.0,910.0,0.78,0.53,1.1,220.0,150.0,310.0,3.3,2.5,4.1,920.0,710.0,1200.0,0.07,0.05,0.09,7.0,5.0,9.0,38.0,82.0,67.0,100.0
5246,Vietnam,VN,VNM,704,WPR,2024,100987689,182.0,112.0,264.0,184000.0,113000.0,267000.0,2.8,,,5.1,3.0,7.7,5200.0,3100.0,7800.0,10.0,6.5,15.0,10000.0,6500.0,15000.0,1.9,1.2,2.9,2000.0,1200.0,3000.0,12.0,7.9,17.0,12000.0,8000.0,17000.0,0.07,0.04,0.11,7.0,4.0,11.0,105.0,58.0,40.0,94.0
5271,Wallis and Futuna,WF,WLF,876,WPR,2024,11278,0.0,0.0,0.0,0.0,0.0,0.0,,,,,,,,,,,,,,,,,,,,,,0.0,0.0,0.0,0.0,0.0,0.0,,,,,,,0.0,,,
5296,Yemen,YE,YEM,887,EMR,2024,40583151,40.0,34.0,46.0,16000.0,14000.0,19000.0,0.72,,,0.29,0.16,0.45,120.0,64.0,180.0,5.3,3.6,7.2,2100.0,1500.0,2900.0,0.08,0.04,0.12,31.0,16.0,51.0,5.3,3.7,7.3,2200.0,1500.0,3000.0,0.14,0.09,0.19,14.0,9.0,19.0,29.0,74.0,64.0,88.0
5321,Zambia,ZM,ZMB,894,AFR,2024,21314958,272.0,166.0,403.0,58000.0,35000.0,86000.0,32.0,,,88.0,50.0,135.0,19000.0,11000.0,29000.0,19.0,11.0,31.0,4100.0,2300.0,6500.0,19.0,11.0,29.0,4100.0,2400.0,6200.0,39.0,27.0,53.0,8200.0,5600.0,11000.0,0.15,0.08,0.24,15.0,8.0,24.0,221.0,81.0,55.0,130.0
5346,Zimbabwe,ZW,ZWE,716,AFR,2024,16634364,203.0,129.0,272.0,34000.0,21000.0,45000.0,62.0,,,121.0,79.0,161.0,20000.0,13000.0,27000.0,18.0,6.4,36.0,3000.0,1100.0,5900.0,31.0,18.0,42.0,5200.0,3000.0,7000.0,49.0,32.0,65.0,8200.0,5300.0,11000.0,0.25,0.14,0.38,25.0,14.0,38.0,122.0,60.0,45.0,95.0
